"date","level"
2013-01-01,510
2013-01-02,461
2013-01-03,414
2013-01-04,378
2013-01-05,351
2013-01-06,330
2013-01-07,323
2013-01-08,322
2013-01-09,311
2013-01-10,296
2013-01-11,292
2013-01-12,286
2013-01-13,285
2013-01-14,275
2013-01-15,256
2013-01-16,243
2013-01-17,237
2013-01-18,228
2013-01-19,220
2013-01-20,211
2013-01-21,208
2013-01-22,203
2013-01-23,197
2013-01-24,192
2013-01-25,187
2013-01-26,182
2013-01-27,179
2013-01-28,173
2013-01-29,171
2013-01-30,216
2013-01-31,305
2013-02-01,371
2013-02-02,415
2013-02-03,477
2013-02-04,536
2013-02-05,554
2013-02-06,548
2013-02-07,532
2013-02-08,513
2013-02-09,478
2013-02-10,433
2013-02-11,391
2013-02-12,355
2013-02-13,327
2013-02-14,309
2013-02-15,294
2013-02-16,280
2013-02-17,273
2013-02-18,262
2013-02-19,255
2013-02-20,252
2013-02-21,244
2013-02-22,238
2013-02-23,228
2013-02-24,216
2013-02-25,208
2013-02-26,205
2013-02-27,200
2013-02-28,197
2013-03-01,195
2013-03-02,189
2013-03-03,186
2013-03-04,182
2013-03-05,178
2013-03-06,178
2013-03-07,181
2013-03-08,189
2013-03-09,203
2013-03-10,222
2013-03-11,238
2013-03-12,249
2013-03-13,255
2013-03-14,256
2013-03-15,247
2013-03-16,232
2013-03-17,222
2013-03-18,225
2013-03-19,232
2013-03-20,249
2013-03-21,270
2013-03-22,268
2013-03-23,253
2013-03-24,234
2013-03-25,219
2013-03-26,205
2013-03-27,197
2013-03-28,192
2013-03-29,184
2013-03-30,186
2013-03-31,197
2013-04-01,209
2013-04-02,220
2013-04-03,219
2013-04-04,209
2013-04-05,203
2013-04-06,197
2013-04-07,189
2013-04-08,179
2013-04-09,171
2013-04-10,169
2013-04-11,182
2013-04-12,220
2013-04-13,293
2013-04-14,352
2013-04-15,351
2013-04-16,322
2013-04-17,298
2013-04-18,286
2013-04-19,279
2013-04-20,273
2013-04-21,286
2013-04-22,323
2013-04-23,347
2013-04-24,340
2013-04-25,322
2013-04-26,305
2013-04-27,300
2013-04-28,315
2013-04-29,330
2013-04-30,327
2013-05-01,316
2013-05-02,304
2013-05-03,294
2013-05-04,297
2013-05-05,332
2013-05-06,343
2013-05-07,331
2013-05-08,335
2013-05-09,330
2013-05-10,319
2013-05-11,305
2013-05-12,307
2013-05-13,323
2013-05-14,322
2013-05-15,314
2013-05-16,305
2013-05-17,297
2013-05-18,286
2013-05-19,280
2013-05-20,311
2013-05-21,335
2013-05-22,319
2013-05-23,318
2013-05-24,328
2013-05-25,338
2013-05-26,336
2013-05-27,347
2013-05-28,360
2013-05-29,372
2013-05-30,385
2013-05-31,412
2013-06-01,490
2013-06-02,592
2013-06-03,678
2013-06-04,710
2013-06-05,713
2013-06-06,700
2013-06-07,656
2013-06-08,593
2013-06-09,527
2013-06-10,486
2013-06-11,460
2013-06-12,452
2013-06-13,458
2013-06-14,455
2013-06-15,430
2013-06-16,403
2013-06-17,381
2013-06-18,361
2013-06-19,348
2013-06-20,346
2013-06-21,355
2013-06-22,355
2013-06-23,348
2013-06-24,344
2013-06-25,339
2013-06-26,332
2013-06-27,331
2013-06-28,334
2013-06-29,327
2013-06-30,316
2013-07-01,304
2013-07-02,297
2013-07-03,285
2013-07-04,282
2013-07-05,285
2013-07-06,296
2013-07-07,298
2013-07-08,283
2013-07-09,265
2013-07-10,256
2013-07-11,250
2013-07-12,244
2013-07-13,240
2013-07-14,234
2013-07-15,226
2013-07-16,217
2013-07-17,209
2013-07-18,205
2013-07-19,200
2013-07-20,195
2013-07-21,194
2013-07-22,187
2013-07-23,182
2013-07-24,178
2013-07-25,181
2013-07-26,190
2013-07-27,187
2013-07-28,176
2013-07-29,179
2013-07-30,203
2013-07-31,249
2013-08-01,270
2013-08-02,249
2013-08-03,226
2013-08-04,206
2013-08-05,189
2013-08-06,179
2013-08-07,184
2013-08-08,184
2013-08-09,189
2013-08-10,190
2013-08-11,195
2013-08-12,197
2013-08-13,190
2013-08-14,182
2013-08-15,169
2013-08-16,158
2013-08-17,148
2013-08-18,139
2013-08-19,137
2013-08-20,135
2013-08-21,139
2013-08-22,134
2013-08-23,127
2013-08-24,121
2013-08-25,125
2013-08-26,154
2013-08-27,174
2013-08-28,163
2013-08-29,142
2013-08-30,142
2013-08-31,146
2013-09-01,139
2013-09-02,132
2013-09-03,125
2013-09-04,116
2013-09-05,110
2013-09-06,109
2013-09-07,108
2013-09-08,108
2013-09-09,116
2013-09-10,142
2013-09-11,158
2013-09-12,159
2013-09-13,173
2013-09-14,205
2013-09-15,209
2013-09-16,195
2013-09-17,184
2013-09-18,200
2013-09-19,253
2013-09-20,301
2013-09-21,324
2013-09-22,314
2013-09-23,280
2013-09-24,253
2013-09-25,237
2013-09-26,217
2013-09-27,202
2013-09-28,190
2013-09-29,184
2013-09-30,169
2013-10-01,159
2013-10-02,154
2013-10-03,151
2013-10-04,146
2013-10-05,148
2013-10-06,179
2013-10-07,197
2013-10-08,192
2013-10-09,179
2013-10-10,169
2013-10-11,179
2013-10-12,197
2013-10-13,217
2013-10-14,208
2013-10-15,200
2013-10-16,211
2013-10-17,265
2013-10-18,307
2013-10-19,298
2013-10-20,270
2013-10-21,253
2013-10-22,247
2013-10-23,243
2013-10-24,235
2013-10-25,220
2013-10-26,216
2013-10-27,223
2013-10-28,225
2013-10-29,229
2013-10-30,234
2013-10-31,237
2013-11-01,232
2013-11-02,222
2013-11-03,228
2013-11-04,240
2013-11-05,286
2013-11-06,316
2013-11-07,328
2013-11-08,360
2013-11-09,385
2013-11-10,382
2013-11-11,382
2013-11-12,405
2013-11-13,408
2013-11-14,395
2013-11-15,368
2013-11-16,336
2013-11-17,311
2013-11-18,280
2013-11-19,256
2013-11-20,255
2013-11-21,275
2013-11-22,286
2013-11-23,279
2013-11-24,270
2013-11-25,259
2013-11-26,262
2013-11-27,256
2013-11-28,238
2013-11-29,225
2013-11-30,216
2013-12-01,208
2013-12-02,206
2013-12-03,197
2013-12-04,187
2013-12-05,186
2013-12-06,182
2013-12-07,181
2013-12-08,179
2013-12-09,178
2013-12-10,173
2013-12-11,169
2013-12-12,164
2013-12-13,159
2013-12-14,161
2013-12-15,158
2013-12-16,154
2013-12-17,151
2013-12-18,146
2013-12-19,142
2013-12-20,142
2013-12-21,146
2013-12-22,154
2013-12-23,161
2013-12-24,158
2013-12-25,163
2013-12-26,189
2013-12-27,225
2013-12-28,314
2013-12-29,318
2013-12-30,303
2013-12-31,297
2014-01-01,282
2014-01-02,260
2014-01-03,250
2014-01-04,244
2014-01-05,244
2014-01-06,247
2014-01-07,263
2014-01-08,265
2014-01-09,253
2014-01-10,240
2014-01-11,235
2014-01-12,237
2014-01-13,229
2014-01-14,220
2014-01-15,217
2014-01-16,223
2014-01-17,228
2014-01-18,225
2014-01-19,235
2014-01-20,226
2014-01-21,214
2014-01-22,209
2014-01-23,209
2014-01-24,205
2014-01-25,206
2014-01-26,209
2014-01-27,214
2014-01-28,222
2014-01-29,231
2014-01-30,229
2014-01-31,213
2014-02-01,198
2014-02-02,190
2014-02-03,184
2014-02-04,182
2014-02-05,187
2014-02-06,189
2014-02-07,178
2014-02-08,174
2014-02-09,179
2014-02-10,192
2014-02-11,200
2014-02-12,205
2014-02-13,205
2014-02-14,231
2014-02-15,252
2014-02-16,272
2014-02-17,287
2014-02-18,305
2014-02-19,290
2014-02-20,270
2014-02-21,256
2014-02-22,244
2014-02-23,232
2014-02-24,222
2014-02-25,211
2014-02-26,203
2014-02-27,198
2014-02-28,198
2014-03-01,206
2014-03-02,209
2014-03-03,205
2014-03-04,192
2014-03-05,187
2014-03-06,184
2014-03-07,176
2014-03-08,169
2014-03-09,166
2014-03-10,159
2014-03-11,151
2014-03-12,149
2014-03-13,146
2014-03-14,146
2014-03-15,142
2014-03-16,139
2014-03-17,137
2014-03-18,132
2014-03-19,128
2014-03-20,130
2014-03-21,130
2014-03-22,134
2014-03-23,139
2014-03-24,148
2014-03-25,154
2014-03-26,163
2014-03-27,163
2014-03-28,161
2014-03-29,153
2014-03-30,146
2014-03-31,142
2014-04-01,135
2014-04-02,134
2014-04-03,130
2014-04-04,128
2014-04-05,127
2014-04-06,127
2014-04-07,123
2014-04-08,121
2014-04-09,121
2014-04-10,127
2014-04-11,130
2014-04-12,130
2014-04-13,125
2014-04-14,123
2014-04-15,120
2014-04-16,121
2014-04-17,118
2014-04-18,116
2014-04-19,113
2014-04-20,110
2014-04-21,113
2014-04-22,113
2014-04-23,110
2014-04-24,109
2014-04-25,107
2014-04-26,106
2014-04-27,118
2014-04-28,139
2014-04-29,158
2014-04-30,168
2014-05-01,181
2014-05-02,200
2014-05-03,203
2014-05-04,205
2014-05-05,220
2014-05-06,223
2014-05-07,209
2014-05-08,200
2014-05-09,200
2014-05-10,205
2014-05-11,200
2014-05-12,197
2014-05-13,194
2014-05-14,194
2014-05-15,198
2014-05-16,213
2014-05-17,226
2014-05-18,219
2014-05-19,202
2014-05-20,186
2014-05-21,174
2014-05-22,171
2014-05-23,171
2014-05-24,171
2014-05-25,181
2014-05-26,194
2014-05-27,211
2014-05-28,214
2014-05-29,209
2014-05-30,217
2014-05-31,213
2014-06-01,202
2014-06-02,186
2014-06-03,176
2014-06-04,168
2014-06-05,168
2014-06-06,163
2014-06-07,156
2014-06-08,149
2014-06-09,142
2014-06-10,139
2014-06-11,137
2014-06-12,141
2014-06-13,142
2014-06-14,146
2014-06-15,148
2014-06-16,151
2014-06-17,148
2014-06-18,141
2014-06-19,139
2014-06-20,130
2014-06-21,121
2014-06-22,116
2014-06-23,114
2014-06-24,109
2014-06-25,106
2014-06-26,120
2014-06-27,130
2014-06-28,132
2014-06-29,137
2014-06-30,144
2014-07-01,153
2014-07-02,161
2014-07-03,163
2014-07-04,156
2014-07-05,158
2014-07-06,158
2014-07-07,161
2014-07-08,178
2014-07-09,214
2014-07-10,265
2014-07-11,294
2014-07-12,296
2014-07-13,307
2014-07-14,328
2014-07-15,339
2014-07-16,343
2014-07-17,330
2014-07-18,314
2014-07-19,294
2014-07-20,276
2014-07-21,263
2014-07-22,270
2014-07-23,315
2014-07-24,351
2014-07-25,387
2014-07-26,387
2014-07-27,352
2014-07-28,324
2014-07-29,336
2014-07-30,390
2014-07-31,398
2014-08-01,395
2014-08-02,387
2014-08-03,385
2014-08-04,380
2014-08-05,360
2014-08-06,347
2014-08-07,335
2014-08-08,328
2014-08-09,316
2014-08-10,308
2014-08-11,301
2014-08-12,289
2014-08-13,293
2014-08-14,327
2014-08-15,323
2014-08-16,311
2014-08-17,305
2014-08-18,303
2014-08-19,297
2014-08-20,279
2014-08-21,257
2014-08-22,238
2014-08-23,223
2014-08-24,209
2014-08-25,208
2014-08-26,213
2014-08-27,244
2014-08-28,269
2014-08-29,269
2014-08-30,250
2014-08-31,246
2014-09-01,272
2014-09-02,290
2014-09-03,287
2014-09-04,283
2014-09-05,262
2014-09-06,249
2014-09-07,237
2014-09-08,226
2014-09-09,217
2014-09-10,208
2014-09-11,200
2014-09-12,200
2014-09-13,211
2014-09-14,234
2014-09-15,229
2014-09-16,209
2014-09-17,192
2014-09-18,182
2014-09-19,171
2014-09-20,169
2014-09-21,178
2014-09-22,186
2014-09-23,217
2014-09-24,235
2014-09-25,222
2014-09-26,198
2014-09-27,187
2014-09-28,184
2014-09-29,171
2014-09-30,164
2014-10-01,159
2014-10-02,154
2014-10-03,151
2014-10-04,144
2014-10-05,135
2014-10-06,132
2014-10-07,130
2014-10-08,137
2014-10-09,139
2014-10-10,151
2014-10-11,149
2014-10-12,154
2014-10-13,153
2014-10-14,149
2014-10-15,142
2014-10-16,146
2014-10-17,158
2014-10-18,194
2014-10-19,214
2014-10-20,200
2014-10-21,176
2014-10-22,169
2014-10-23,194
2014-10-24,228
2014-10-25,243
2014-10-26,231
2014-10-27,208
2014-10-28,194
2014-10-29,187
2014-10-30,182
2014-10-31,176
2014-11-01,173
2014-11-02,171
2014-11-03,163
2014-11-04,163
2014-11-05,169
2014-11-06,168
2014-11-07,195
2014-11-08,225
2014-11-09,219
2014-11-10,197
2014-11-11,187
2014-11-12,178
2014-11-13,174
2014-11-14,174
2014-11-15,190
2014-11-16,208
2014-11-17,240
2014-11-18,285
2014-11-19,300
2014-11-20,309
2014-11-21,298
2014-11-22,276
2014-11-23,253
2014-11-24,234
2014-11-25,214
2014-11-26,203
2014-11-27,198
2014-11-28,192
2014-11-29,182
2014-11-30,178
2014-12-01,169
2014-12-02,164
2014-12-03,159
2014-12-04,161
2014-12-05,154
2014-12-06,154
2014-12-07,151
2014-12-08,148
2014-12-09,141
2014-12-10,135
2014-12-11,137
2014-12-12,146
2014-12-13,154
2014-12-14,169
2014-12-15,179
2014-12-16,174
2014-12-17,173
2014-12-18,173
2014-12-19,181
2014-12-20,219
2014-12-21,260
2014-12-22,270
2014-12-23,259
2014-12-24,235
2014-12-25,214
2014-12-26,200
2014-12-27,192
2014-12-28,186
2014-12-29,186
2014-12-30,186
2014-12-31,178
2015-01-01,173
2015-01-02,171
2015-01-03,184
2015-01-04,223
2015-01-05,339
2015-01-06,413
2015-01-07,398
2015-01-08,340
2015-01-09,315
2015-01-10,330
2015-01-11,369
2015-01-12,406
2015-01-13,419
2015-01-14,401
2015-01-15,376
2015-01-16,354
2015-01-17,348
2015-01-18,355
2015-01-19,368
2015-01-20,361
2015-01-21,340
2015-01-22,319
2015-01-23,300
2015-01-24,279
2015-01-25,262
2015-01-26,249
2015-01-27,244
2015-01-28,241
2015-01-29,249
2015-01-30,265
2015-01-31,289
2015-02-01,308
2015-02-02,296
2015-02-03,275
2015-02-04,256
2015-02-05,241
2015-02-06,226
2015-02-07,217
2015-02-08,203
2015-02-09,194
2015-02-10,187
2015-02-11,182
2015-02-12,182
2015-02-13,184
2015-02-14,182
2015-02-15,178
2015-02-16,174
2015-02-17,171
2015-02-18,168
2015-02-19,164
2015-02-20,163
2015-02-21,161
2015-02-22,164
2015-02-23,168
2015-02-24,179
2015-02-25,187
2015-02-26,202
2015-02-27,208
2015-02-28,208
2015-03-01,211
2015-03-02,220
2015-03-03,241
2015-03-04,314
2015-03-05,356
2015-03-06,331
2015-03-07,301
2015-03-08,276
2015-03-09,255
2015-03-10,234
2015-03-11,223
2015-03-12,220
2015-03-13,219
2015-03-14,216
2015-03-15,211
2015-03-16,206
2015-03-17,198
2015-03-18,189
2015-03-19,182
2015-03-20,179
2015-03-21,179
2015-03-22,179
2015-03-23,174
2015-03-24,174
2015-03-25,178
2015-03-26,176
2015-03-27,173
2015-03-28,173
2015-03-29,174
2015-03-30,181
2015-03-31,202
2015-04-01,294
2015-04-02,354
2015-04-03,369
2015-04-04,381
2015-04-05,378
2015-04-06,365
2015-04-07,361
2015-04-08,343
2015-04-09,309
2015-04-10,279
2015-04-11,256
2015-04-12,243
2015-04-13,231
2015-04-14,222
2015-04-15,216
2015-04-16,211
2015-04-17,208
2015-04-18,203
2015-04-19,206
2015-04-20,226
2015-04-21,222
2015-04-22,209
2015-04-23,200
2015-04-24,192
2015-04-25,189
2015-04-26,186
2015-04-27,189
2015-04-28,194
2015-04-29,202
2015-04-30,238
2015-05-01,256
2015-05-02,243
2015-05-03,289
2015-05-04,371
2015-05-05,429
2015-05-06,455
2015-05-07,458
2015-05-08,444
2015-05-09,429
2015-05-10,412
2015-05-11,390
2015-05-12,369
2015-05-13,354
2015-05-14,340
2015-05-15,328
2015-05-16,330
2015-05-17,330
2015-05-18,338
2015-05-19,335
2015-05-20,324
2015-05-21,315
2015-05-22,305
2015-05-23,307
2015-05-24,305
2015-05-25,297
2015-05-26,282
2015-05-27,270
2015-05-28,268
2015-05-29,277
2015-05-30,268
2015-05-31,252
2015-06-01,237
2015-06-02,229
2015-06-03,219
2015-06-04,209
2015-06-05,205
2015-06-06,202
2015-06-07,200
2015-06-08,205
2015-06-09,223
2015-06-10,247
2015-06-11,243
2015-06-12,237
2015-06-13,232
2015-06-14,229
2015-06-15,225
2015-06-16,223
2015-06-17,252
2015-06-18,279
2015-06-19,275
2015-06-20,262
2015-06-21,255
2015-06-22,256
2015-06-23,265
2015-06-24,275
2015-06-25,282
2015-06-26,286
2015-06-27,276
2015-06-28,260
2015-06-29,246
2015-06-30,226
2015-07-01,214
2015-07-02,205
2015-07-03,198
2015-07-04,194
2015-07-05,184
2015-07-06,179
2015-07-07,173
2015-07-08,171
2015-07-09,174
2015-07-10,173
2015-07-11,169
2015-07-12,163
2015-07-13,154
2015-07-14,149
2015-07-15,146
2015-07-16,142
2015-07-17,139
2015-07-18,135
2015-07-19,134
2015-07-20,130
2015-07-21,128
2015-07-22,125
2015-07-23,123
2015-07-24,132
2015-07-25,134
2015-07-26,135
2015-07-27,132
2015-07-28,127
2015-07-29,121
2015-07-30,120
2015-07-31,118
2015-08-01,116
2015-08-02,116
2015-08-03,112
2015-08-04,108
2015-08-05,104
2015-08-06,103
2015-08-07,97
2015-08-08,91
2015-08-09,91
2015-08-10,87
2015-08-11,95
2015-08-12,98
2015-08-13,96
2015-08-14,90
2015-08-15,90
2015-08-16,101
2015-08-17,112
2015-08-18,113
2015-08-19,116
2015-08-20,116
2015-08-21,120
2015-08-22,127
2015-08-23,123
2015-08-24,118
2015-08-25,120
2015-08-26,121
2015-08-27,114
2015-08-28,111
2015-08-29,109
2015-08-30,103
2015-08-31,95
2015-09-01,92
2015-09-02,93
2015-09-03,94
2015-09-04,92
2015-09-05,91
2015-09-06,87
2015-09-07,86
2015-09-08,86
2015-09-09,84
2015-09-10,79
2015-09-11,72
2015-09-12,67
2015-09-13,66
2015-09-14,64
2015-09-15,69
2015-09-16,76
2015-09-17,94
2015-09-18,97
2015-09-19,94
2015-09-20,104
2015-09-21,101
2015-09-22,98
2015-09-23,105
2015-09-24,108
2015-09-25,111
2015-09-26,114
2015-09-27,114
2015-09-28,104
2015-09-29,98
2015-09-30,91
2015-10-01,88
2015-10-02,79
2015-10-03,74
2015-10-04,74
2015-10-05,79
2015-10-06,84
2015-10-07,89
2015-10-08,90
2015-10-09,99
2015-10-10,92
2015-10-11,88
2015-10-12,83
2015-10-13,79
2015-10-14,79
2015-10-15,79
2015-10-16,89
2015-10-17,93
2015-10-18,93
2015-10-19,91
2015-10-20,88
2015-10-21,89
2015-10-22,89
2015-10-23,88
2015-10-24,84
2015-10-25,79
2015-10-26,76
2015-10-27,72
2015-10-28,68
2015-10-29,69
2015-10-30,67
2015-10-31,64
2015-11-01,68
2015-11-02,67
2015-11-03,62
2015-11-04,62
2015-11-05,62
2015-11-06,59
2015-11-07,60
2015-11-08,58
2015-11-09,54
2015-11-10,54
2015-11-11,55
2015-11-12,52
2015-11-13,51
2015-11-14,49
2015-11-15,51
2015-11-16,50
2015-11-17,53
2015-11-18,52
2015-11-19,57
2015-11-20,69
2015-11-21,123
2015-11-22,176
2015-11-23,234
2015-11-24,205
2015-11-25,164
2015-11-26,144
2015-11-27,139
2015-11-28,142
2015-11-29,142
2015-11-30,141
2015-12-01,161
2015-12-02,200
2015-12-03,246
2015-12-04,243
2015-12-05,225
2015-12-06,197
2015-12-07,168
2015-12-08,149
2015-12-09,137
2015-12-10,132
2015-12-11,128
2015-12-12,130
2015-12-13,127
2015-12-14,125
2015-12-15,121
2015-12-16,116
2015-12-17,116
2015-12-18,125
2015-12-19,123
2015-12-20,118
2015-12-21,116
2015-12-22,109
2015-12-23,113
2015-12-24,111
2015-12-25,104
2015-12-26,101
2015-12-27,95
2015-12-28,90
2015-12-29,86
2015-12-30,80
2015-12-31,77
2016-01-01,75
2016-01-02,74
2016-01-03,80
2016-01-04,89
2016-01-05,108
2016-01-06,141
2016-01-07,174
2016-01-08,182
2016-01-09,186
2016-01-10,200
2016-01-11,244
2016-01-12,294
2016-01-13,347
2016-01-14,380
2016-01-15,378
2016-01-16,351
2016-01-17,315
2016-01-18,273
2016-01-19,238
2016-01-20,220
2016-01-21,206
2016-01-22,192
2016-01-23,181
2016-01-24,174
2016-01-25,171
2016-01-26,174
2016-01-27,181
2016-01-28,186
2016-01-29,190
2016-01-30,200
2016-01-31,216
2016-02-01,238
2016-02-02,328
2016-02-03,396
2016-02-04,404
2016-02-05,391
2016-02-06,385
2016-02-07,373
2016-02-08,354
2016-02-09,343
2016-02-10,390
2016-02-11,414
2016-02-12,414
2016-02-13,394
2016-02-14,378
2016-02-15,378
2016-02-16,382
2016-02-17,371
2016-02-18,344
2016-02-19,319
2016-02-20,293
2016-02-21,293
2016-02-22,320
2016-02-23,346
2016-02-24,376
2016-02-25,390
2016-02-26,385
2016-02-27,364
2016-02-28,343
2016-02-29,315
2016-03-01,289
2016-03-02,275
2016-03-03,273
2016-03-04,294
2016-03-05,322
2016-03-06,328
2016-03-07,334
2016-03-08,342
2016-03-09,328
2016-03-10,311
2016-03-11,290
2016-03-12,272
2016-03-13,256
2016-03-14,241
2016-03-15,226
2016-03-16,217
2016-03-17,209
2016-03-18,200
2016-03-19,190
2016-03-20,187
2016-03-21,181
2016-03-22,173
2016-03-23,171
2016-03-24,166
2016-03-25,163
2016-03-26,166
2016-03-27,168
2016-03-28,168
2016-03-29,169
2016-03-30,174
2016-03-31,179
2016-04-01,208
2016-04-02,231
2016-04-03,222
2016-04-04,216
2016-04-05,211
2016-04-06,220
2016-04-07,225
2016-04-08,229
2016-04-09,226
2016-04-10,219
2016-04-11,209
2016-04-12,198
2016-04-13,197
2016-04-14,206
2016-04-15,211
2016-04-16,216
2016-04-17,237
2016-04-18,296
2016-04-19,359
2016-04-20,376
2016-04-21,371
2016-04-22,350
2016-04-23,314
2016-04-24,290
2016-04-25,280
2016-04-26,296
2016-04-27,304
2016-04-28,304
2016-04-29,294
2016-04-30,283
2016-05-01,270
2016-05-02,270
2016-05-03,287
2016-05-04,303
2016-05-05,297
2016-05-06,285
2016-05-07,266
2016-05-08,249
2016-05-09,234
2016-05-10,219
2016-05-11,217
2016-05-12,213
2016-05-13,214
2016-05-14,247
2016-05-15,316
2016-05-16,374
2016-05-17,410
2016-05-18,403
2016-05-19,372
2016-05-20,347
2016-05-21,328
2016-05-22,322
2016-05-23,307
2016-05-24,293
2016-05-25,296
2016-05-26,318
2016-05-27,330
2016-05-28,327
2016-05-29,326
2016-05-30,380
2016-05-31,493
2016-06-01,477
2016-06-02,435
2016-06-03,419
2016-06-04,406
2016-06-05,408
2016-06-06,419
2016-06-07,417
2016-06-08,405
2016-06-09,405
2016-06-10,427
2016-06-11,434
2016-06-12,444
2016-06-13,455
2016-06-14,472
2016-06-15,476
2016-06-16,483
2016-06-17,481
2016-06-18,484
2016-06-19,507
2016-06-20,524
2016-06-21,519
2016-06-22,499
2016-06-23,476
2016-06-24,455
2016-06-25,454
2016-06-26,467
2016-06-27,453
2016-06-28,452
2016-06-29,438
2016-06-30,420
2016-07-01,399
2016-07-02,382
2016-07-03,376
2016-07-04,364
2016-07-05,348
2016-07-06,334
2016-07-07,316
2016-07-08,297
2016-07-09,283
2016-07-10,268
2016-07-11,253
2016-07-12,243
2016-07-13,246
2016-07-14,269
2016-07-15,308
2016-07-16,327
2016-07-17,335
2016-07-18,327
2016-07-19,309
2016-07-20,289
2016-07-21,272
2016-07-22,275
2016-07-23,273
2016-07-24,279
2016-07-25,265
2016-07-26,253
2016-07-27,247
2016-07-28,253
2016-07-29,255
2016-07-30,243
2016-07-31,229
2016-08-01,217
2016-08-02,214
2016-08-03,220
2016-08-04,217
2016-08-05,214
2016-08-06,226
2016-08-07,247
2016-08-08,269
2016-08-09,260
2016-08-10,241
2016-08-11,229
2016-08-12,225
2016-08-13,222
2016-08-14,214
2016-08-15,206
2016-08-16,198
2016-08-17,189
2016-08-18,184
2016-08-19,182
2016-08-20,187
2016-08-21,192
2016-08-22,192
2016-08-23,181
2016-08-24,178
2016-08-25,174
2016-08-26,166
2016-08-27,164
2016-08-28,161
2016-08-29,154
2016-08-30,151
2016-08-31,148
2016-09-01,142
2016-09-02,141
2016-09-03,141
2016-09-04,137
2016-09-05,134
2016-09-06,132
2016-09-07,142
2016-09-08,166
2016-09-09,166
2016-09-10,161
2016-09-11,156
2016-09-12,149
2016-09-13,146
2016-09-14,142
2016-09-15,134
2016-09-16,130
2016-09-17,127
2016-09-18,128
2016-09-19,148
2016-09-20,148
2016-09-21,142
2016-09-22,132
2016-09-23,127
2016-09-24,121
2016-09-25,116
2016-09-26,111
2016-09-27,107
2016-09-28,109
2016-09-29,110
2016-09-30,103
2016-10-01,100
2016-10-02,100
2016-10-03,98
2016-10-04,96
2016-10-05,92
2016-10-06,86
2016-10-07,84
2016-10-08,80
2016-10-09,81
2016-10-10,77
2016-10-11,77
2016-10-12,72
2016-10-13,67
2016-10-14,68
2016-10-15,66
2016-10-16,68
2016-10-17,66
2016-10-18,66
2016-10-19,67
2016-10-20,77
2016-10-21,95
2016-10-22,106
2016-10-23,98
2016-10-24,84
2016-10-25,95
2016-10-26,105
2016-10-27,116
2016-10-28,127
2016-10-29,134
2016-10-30,121
2016-10-31,111
2016-11-01,108
2016-11-02,99
2016-11-03,96
2016-11-04,91
2016-11-05,90
2016-11-06,97
2016-11-07,101
2016-11-08,116
2016-11-09,127
2016-11-10,128
2016-11-11,139
2016-11-12,171
2016-11-13,219
2016-11-14,217
2016-11-15,184
2016-11-16,168
2016-11-17,168
2016-11-18,173
2016-11-19,182
2016-11-20,194
2016-11-21,219
2016-11-22,226
2016-11-23,209
2016-11-24,192
2016-11-25,176
2016-11-26,168
2016-11-27,158
2016-11-28,149
2016-11-29,137
2016-11-30,127
2016-12-01,118
2016-12-02,116
2016-12-03,111
2016-12-04,109
2016-12-05,103
2016-12-06,101
2016-12-07,101
2016-12-08,99
2016-12-09,96
2016-12-10,88
2016-12-11,86
2016-12-12,85
2016-12-13,81
2016-12-14,80
2016-12-15,81
2016-12-16,80
2016-12-17,77
2016-12-18,76
2016-12-19,74
2016-12-20,69
2016-12-21,68
2016-12-22,72
2016-12-23,72
2016-12-24,70
2016-12-25,67
2016-12-26,67
2016-12-27,66
2016-12-28,63
2016-12-29,65
2016-12-30,63
2016-12-31,59
2017-01-01,57
2017-01-02,55
2017-01-03,56
2017-01-04,56
2017-01-05,59
2017-01-06,61
2017-01-07,54
2017-01-08,51
2017-01-09,46
2017-01-10,51
2017-01-11,53
2017-01-12,57
2017-01-13,66
2017-01-14,84
2017-01-15,92
2017-01-16,91
2017-01-17,85
2017-01-18,71
2017-01-19,65
2017-01-20,61
2017-01-21,61
2017-01-22,56
2017-01-23,54
2017-01-24,53
2017-01-25,49
2017-01-26,53
2017-01-27,55
2017-01-28,59
2017-01-29,54
2017-01-30,52
2017-01-31,53
2017-02-01,61
2017-02-02,96
2017-02-03,205
2017-02-04,214
2017-02-05,190
2017-02-06,186
2017-02-07,182
2017-02-08,182
2017-02-09,178
2017-02-10,164
2017-02-11,151
2017-02-12,141
2017-02-13,132
2017-02-14,120
2017-02-15,114
2017-02-16,112
2017-02-17,109
2017-02-18,108
2017-02-19,111
2017-02-20,121
2017-02-21,123
2017-02-22,123
2017-02-23,146
2017-02-24,174
2017-02-25,182
2017-02-26,173
2017-02-27,169
2017-02-28,154
2017-03-01,158
2017-03-02,178
2017-03-03,216
2017-03-04,253
2017-03-05,253
2017-03-06,238
2017-03-07,228
2017-03-08,231
2017-03-09,262
2017-03-10,292
2017-03-11,355
2017-03-12,383
2017-03-13,360
2017-03-14,314
2017-03-15,282
2017-03-16,260
2017-03-17,238
2017-03-18,223
2017-03-19,228
2017-03-20,235
2017-03-21,253
2017-03-22,257
2017-03-23,247
2017-03-24,238
2017-03-25,228
2017-03-26,217
2017-03-27,208
2017-03-28,197
2017-03-29,192
2017-03-30,184
2017-03-31,176
2017-04-01,169
2017-04-02,166
2017-04-03,159
2017-04-04,151
2017-04-05,148
2017-04-06,146
2017-04-07,139
2017-04-08,134
2017-04-09,130
2017-04-10,125
2017-04-11,120
2017-04-12,113
2017-04-13,108
2017-04-14,105
2017-04-15,104
2017-04-16,100
2017-04-17,104
2017-04-18,114
2017-04-19,128
2017-04-20,130
2017-04-21,128
2017-04-22,120
2017-04-23,116
2017-04-24,114
2017-04-25,113
2017-04-26,110
2017-04-27,121
2017-04-28,158
2017-04-29,189
2017-04-30,198
2017-05-01,198
2017-05-02,200
2017-05-03,228
2017-05-04,253
2017-05-05,247
2017-05-06,231
2017-05-07,216
2017-05-08,209
2017-05-09,249
2017-05-10,283
2017-05-11,276
2017-05-12,257
2017-05-13,241
2017-05-14,231
2017-05-15,226
2017-05-16,223
2017-05-17,219
2017-05-18,206
2017-05-19,198
2017-05-20,219
2017-05-21,220
2017-05-22,220
2017-05-23,206
2017-05-24,198
2017-05-25,189
2017-05-26,178
2017-05-27,168
2017-05-28,164
2017-05-29,159
2017-05-30,159
2017-05-31,168
2017-06-01,171
2017-06-02,171
2017-06-03,186
2017-06-04,206
2017-06-05,238
2017-06-06,252
2017-06-07,244
2017-06-08,229
2017-06-09,222
2017-06-10,214
2017-06-11,203
2017-06-12,189
2017-06-13,176
2017-06-14,163
2017-06-15,156
2017-06-16,151
2017-06-17,151
2017-06-18,158
2017-06-19,158
2017-06-20,154
2017-06-21,151
2017-06-22,149
2017-06-23,148
2017-06-24,144
2017-06-25,142
2017-06-26,134
2017-06-27,130
2017-06-28,134
2017-06-29,146
2017-06-30,184
2017-07-01,194
2017-07-02,186
2017-07-03,168
2017-07-04,163
2017-07-05,158
2017-07-06,151
2017-07-07,149
2017-07-08,148
2017-07-09,137
2017-07-10,130
2017-07-11,141
2017-07-12,156
2017-07-13,169
2017-07-14,164
2017-07-15,151
2017-07-16,137
2017-07-17,130
2017-07-18,127
2017-07-19,120
2017-07-20,116
2017-07-21,123
2017-07-22,128
2017-07-23,137
2017-07-24,141
2017-07-25,141
2017-07-26,153
2017-07-27,208
2017-07-28,259
2017-07-29,256
2017-07-30,232
2017-07-31,214
2017-08-01,203
2017-08-02,198
2017-08-03,190
2017-08-04,190
2017-08-05,179
2017-08-06,169
2017-08-07,161
2017-08-08,148
2017-08-09,142
2017-08-10,142
2017-08-11,166
2017-08-12,197
2017-08-13,226
2017-08-14,231
2017-08-15,214
2017-08-16,205
2017-08-17,197
2017-08-18,189
2017-08-19,181
2017-08-20,179
2017-08-21,181
2017-08-22,166
2017-08-23,156
2017-08-24,148
2017-08-25,144
2017-08-26,142
2017-08-27,146
2017-08-28,141
2017-08-29,130
2017-08-30,123
2017-08-31,121
2017-09-01,128
2017-09-02,141
2017-09-03,168
2017-09-04,214
2017-09-05,241
2017-09-06,226
2017-09-07,206
2017-09-08,192
2017-09-09,181
2017-09-10,173
2017-09-11,168
2017-09-12,163
2017-09-13,164
2017-09-14,182
2017-09-15,220
2017-09-16,216
2017-09-17,214
2017-09-18,198
2017-09-19,189
2017-09-20,182
2017-09-21,178
2017-09-22,169
2017-09-23,168
2017-09-24,159
2017-09-25,154
2017-09-26,149
2017-09-27,144
2017-09-28,144
2017-09-29,139
2017-09-30,137
2017-10-01,135
2017-10-02,141
2017-10-03,148
2017-10-04,168
2017-10-05,184
2017-10-06,184
2017-10-07,171
2017-10-08,173
2017-10-09,182
2017-10-10,187
2017-10-11,190
2017-10-12,186
2017-10-13,174
2017-10-14,164
2017-10-15,156
2017-10-16,148
2017-10-17,139
2017-10-18,132
2017-10-19,125
2017-10-20,121
2017-10-21,118
2017-10-22,116
2017-10-23,114
2017-10-24,116
2017-10-25,112
2017-10-26,116
2017-10-27,113
2017-10-28,113
2017-10-29,114
2017-10-30,116
2017-10-31,123
2017-11-01,130
2017-11-02,132
2017-11-03,125
2017-11-04,120
2017-11-05,120
2017-11-06,123
2017-11-07,134
2017-11-08,146
2017-11-09,153
2017-11-10,151
2017-11-11,151
2017-11-12,156
2017-11-13,214
2017-11-14,339
2017-11-15,380
2017-11-16,339
2017-11-17,280
2017-11-18,249
2017-11-19,225
2017-11-20,211
2017-11-21,203
2017-11-22,205
2017-11-23,209
2017-11-24,211
2017-11-25,206
2017-11-26,231
2017-11-27,286
2017-11-28,303
2017-11-29,309
2017-11-30,304
2017-12-01,300
2017-12-02,285
2017-12-03,260
2017-12-04,232
2017-12-05,214
2017-12-06,205
2017-12-07,202
2017-12-08,202
2017-12-09,203
2017-12-10,209
2017-12-11,225
2017-12-12,301
2017-12-13,369
2017-12-14,398
2017-12-15,414
2017-12-16,423
2017-12-17,439
2017-12-18,438
2017-12-19,399
2017-12-20,356
2017-12-21,328
2017-12-22,309
2017-12-23,304
2017-12-24,308
2017-12-25,308
2017-12-26,294
2017-12-27,279
2017-12-28,275
2017-12-29,269
2017-12-30,262
2017-12-31,282
2018-01-01,346
2018-01-02,391
2018-01-03,406
2018-01-04,452
2018-01-05,501
2018-01-06,585
2018-01-07,657
2018-01-08,669
2018-01-09,637
2018-01-10,577
2018-01-11,508
2018-01-12,452
2018-01-13,410
2018-01-14,377
2018-01-15,347
2018-01-16,327
2018-01-17,332
2018-01-18,364
2018-01-19,408
2018-01-20,452
2018-01-21,493
2018-01-22,519
2018-01-23,528
2018-01-24,569
2018-01-25,611
2018-01-26,630
2018-01-27,610
2018-01-28,562
2018-01-29,516
2018-01-30,472
2018-01-31,437
2018-02-01,423
2018-02-02,432
2018-02-03,435
2018-02-04,428
2018-02-05,406
2018-02-06,377
2018-02-07,352
2018-02-08,326
2018-02-09,304
2018-02-10,290
2018-02-11,282
2018-02-12,272
2018-02-13,257
2018-02-14,247
2018-02-15,235
2018-02-16,231
2018-02-17,237
2018-02-18,276
2018-02-19,315
2018-02-20,332
2018-02-21,330
2018-02-22,311
2018-02-23,293
2018-02-24,270
2018-02-25,249
2018-02-26,226
2018-02-27,209
2018-02-28,202
2018-03-01,195
2018-03-02,187
2018-03-03,182
2018-03-04,184
2018-03-05,190
2018-03-06,186
2018-03-07,184
2018-03-08,189
2018-03-09,192
2018-03-10,200
2018-03-11,202
2018-03-12,202
2018-03-13,206
2018-03-14,225
2018-03-15,247
2018-03-16,256
2018-03-17,256
2018-03-18,247
2018-03-19,235
2018-03-20,225
2018-03-21,216
2018-03-22,208
2018-03-23,203
2018-03-24,198
2018-03-25,194
2018-03-26,187
2018-03-27,178
2018-03-28,171
2018-03-29,173
2018-03-30,189
2018-03-31,226
2018-04-01,243
2018-04-02,250
2018-04-03,255
2018-04-04,241
2018-04-05,234
2018-04-06,226
2018-04-07,225
2018-04-08,220
2018-04-09,214
2018-04-10,208
2018-04-11,214
2018-04-12,219
2018-04-13,220
2018-04-14,249
2018-04-15,244
2018-04-16,225
2018-04-17,211
2018-04-18,206
2018-04-19,202
2018-04-20,195
2018-04-21,194
2018-04-22,195
2018-04-23,195
2018-04-24,202
2018-04-25,208
2018-04-26,211
2018-04-27,213
2018-04-28,213
2018-04-29,216
2018-04-30,225
2018-05-01,217
2018-05-02,211
2018-05-03,209
2018-05-04,205
2018-05-05,202
2018-05-06,192
2018-05-07,182
2018-05-08,179
2018-05-09,179
2018-05-10,186
2018-05-11,192
2018-05-12,209
2018-05-13,213
2018-05-14,219
2018-05-15,231
2018-05-16,229
2018-05-17,244
2018-05-18,259
2018-05-19,256
2018-05-20,246
2018-05-21,237
2018-05-22,223
2018-05-23,214
2018-05-24,213
2018-05-25,219
2018-05-26,222
2018-05-27,211
2018-05-28,203
2018-05-29,195
2018-05-30,197
2018-05-31,205
2018-06-01,223
2018-06-02,247
2018-06-03,249
2018-06-04,234
2018-06-05,214
2018-06-06,205
2018-06-07,206
2018-06-08,217
2018-06-09,231
2018-06-10,237
2018-06-11,243
2018-06-12,266
2018-06-13,287
2018-06-14,285
2018-06-15,289
2018-06-16,298
2018-06-17,279
2018-06-18,252
2018-06-19,226
2018-06-20,213
2018-06-21,200
2018-06-22,187
2018-06-23,179
2018-06-24,171
2018-06-25,166
2018-06-26,159
2018-06-27,153
2018-06-28,146
2018-06-29,142
2018-06-30,139
2018-07-01,137
2018-07-02,127
2018-07-03,123
2018-07-04,123
2018-07-05,132
2018-07-06,141
2018-07-07,158
2018-07-08,163
2018-07-09,161
2018-07-10,144
2018-07-11,134
2018-07-12,128
2018-07-13,121
2018-07-14,111
2018-07-15,102
2018-07-16,100
2018-07-17,101
2018-07-18,101
2018-07-19,101
2018-07-20,100
2018-07-21,96
2018-07-22,98
2018-07-23,111
2018-07-24,112
2018-07-25,104
2018-07-26,96
2018-07-27,90
2018-07-28,84
2018-07-29,84
2018-07-30,79
2018-07-31,77
2018-08-01,72
2018-08-02,71
2018-08-03,71
2018-08-04,71
2018-08-05,72
2018-08-06,67
2018-08-07,65
2018-08-08,60
2018-08-09,63
2018-08-10,65
2018-08-11,74
2018-08-12,73
2018-08-13,67
2018-08-14,67
2018-08-15,68
2018-08-16,68
2018-08-17,66
2018-08-18,66
2018-08-19,60
2018-08-20,63
2018-08-21,60
2018-08-22,58
2018-08-23,53
2018-08-24,51
2018-08-25,55
2018-08-26,63
2018-08-27,68
2018-08-28,68
2018-08-29,69
2018-08-30,69
2018-08-31,65
2018-09-01,63
2018-09-02,76
2018-09-03,89
2018-09-04,109
2018-09-05,105
2018-09-06,97
2018-09-07,93
2018-09-08,95
2018-09-09,88
2018-09-10,87
2018-09-11,84
2018-09-12,82
2018-09-13,76
2018-09-14,70
2018-09-15,68
2018-09-16,73
2018-09-17,70
2018-09-18,71
2018-09-19,61
2018-09-20,58
2018-09-21,59
2018-09-22,56
2018-09-23,60
2018-09-24,72
2018-09-25,76
2018-09-26,77
2018-09-27,79
2018-09-28,72
2018-09-29,62
2018-09-30,59
2018-10-01,51
2018-10-02,52
2018-10-03,54
2018-10-04,67
2018-10-05,73
2018-10-06,70
2018-10-07,65
2018-10-08,65
2018-10-09,58
2018-10-10,57
2018-10-11,53
2018-10-12,48
2018-10-13,48
2018-10-14,43
2018-10-15,37
2018-10-16,37
2018-10-17,32
2018-10-18,28
2018-10-19,31
2018-10-20,24
2018-10-21,22
2018-10-22,20
2018-10-23,24
2018-10-24,22
2018-10-25,26
2018-10-26,25
2018-10-27,26
2018-10-28,24
2018-10-29,28
2018-10-30,47
2018-10-31,54
2018-11-01,49
2018-11-02,54
2018-11-03,51
2018-11-04,50
2018-11-05,49
2018-11-06,40
2018-11-07,37
2018-11-08,37
2018-11-09,33
2018-11-10,34
2018-11-11,38
2018-11-12,40
2018-11-13,41
2018-11-14,45
2018-11-15,41
2018-11-16,39
2018-11-17,35
2018-11-18,29
2018-11-19,27
2018-11-20,27
2018-11-21,27
2018-11-22,25
2018-11-23,27
2018-11-24,23
2018-11-25,25
2018-11-26,26
2018-11-27,26
2018-11-28,25
2018-11-29,25
2018-11-30,27
2018-12-01,30
2018-12-02,32
2018-12-03,55
2018-12-04,114
2018-12-05,155
2018-12-06,173
2018-12-07,157
2018-12-08,133
2018-12-09,136
2018-12-10,152
2018-12-11,169
2018-12-12,199
2018-12-13,194
2018-12-14,173
2018-12-15,156
2018-12-16,144
2018-12-17,128
2018-12-18,118
2018-12-19,113
2018-12-20,110
2018-12-21,116
2018-12-22,135
2018-12-23,161
2018-12-24,253
2018-12-25,328
2018-12-26,374
2018-12-27,380
2018-12-28,334
2018-12-29,283
2018-12-30,244
2018-12-31,214
2019-01-01,190
2019-01-02,181
2019-01-03,171
2019-01-04,159
2019-01-05,151
2019-01-06,149
2019-01-07,164
2019-01-08,195
2019-01-09,203
2019-01-10,203
2019-01-11,202
2019-01-12,195
2019-01-13,186
2019-01-14,225
2019-01-15,343
2019-01-16,401
2019-01-17,369
2019-01-18,316
2019-01-19,273
2019-01-20,244
2019-01-21,222
2019-01-22,198
2019-01-23,186
2019-01-24,176
2019-01-25,169
2019-01-26,161
2019-01-27,154
2019-01-28,158
2019-01-29,166
2019-01-30,168
2019-01-31,164
2019-02-01,158
2019-02-02,151
2019-02-03,153
2019-02-04,158
2019-02-05,159
2019-02-06,156
2019-02-07,151
2019-02-08,148
2019-02-09,146
2019-02-10,164
2019-02-11,202
2019-02-12,222
2019-02-13,243
2019-02-14,237
2019-02-15,214
2019-02-16,197
2019-02-17,184
2019-02-18,173
2019-02-19,168
2019-02-20,166
2019-02-21,163
2019-02-22,158
2019-02-23,154
2019-02-24,153
2019-02-25,153
2019-02-26,149
2019-02-27,144
2019-02-28,141
2019-03-01,141
2019-03-02,144
2019-03-03,164
2019-03-04,184
2019-03-05,179
2019-03-06,178
2019-03-07,182
2019-03-08,184
2019-03-09,179
2019-03-10,184
2019-03-11,202
2019-03-12,234
2019-03-13,257
2019-03-14,256
2019-03-15,272
2019-03-16,328
2019-03-17,425
2019-03-18,467
2019-03-19,448
2019-03-20,404
2019-03-21,358
2019-03-22,311
2019-03-23,276
2019-03-24,253
2019-03-25,232
2019-03-26,216
2019-03-27,203
2019-03-28,192
2019-03-29,182
2019-03-30,173
2019-03-31,161
2019-04-01,154
2019-04-02,146
2019-04-03,146
2019-04-04,154
2019-04-05,164
2019-04-06,173
2019-04-07,179
2019-04-08,174
2019-04-09,166
2019-04-10,171
2019-04-11,173
2019-04-12,166
2019-04-13,163
2019-04-14,161
2019-04-15,158
2019-04-16,148
2019-04-17,144
2019-04-18,142
2019-04-19,137
2019-04-20,134
2019-04-21,128
2019-04-22,125
2019-04-23,121
2019-04-24,121
2019-04-25,123
2019-04-26,127
2019-04-27,137
2019-04-28,154
2019-04-29,168
2019-04-30,176
2019-05-01,178
2019-05-02,171
2019-05-03,159
2019-05-04,151
2019-05-05,154
2019-05-06,159
2019-05-07,158
2019-05-08,158
2019-05-09,161
2019-05-10,178
2019-05-11,213
2019-05-12,246
2019-05-13,235
2019-05-14,226
2019-05-15,217
2019-05-16,200
2019-05-17,184
2019-05-18,173
2019-05-19,171
2019-05-20,166
2019-05-21,192
2019-05-22,318
2019-05-23,439
2019-05-24,445
2019-05-25,405
2019-05-26,355
2019-05-27,318
2019-05-28,293
2019-05-29,285
2019-05-30,276
2019-05-31,277
2019-06-01,276
2019-06-02,266
2019-06-03,246
2019-06-04,234
2019-06-05,231
2019-06-06,231
2019-06-07,234
2019-06-08,237
2019-06-09,241
2019-06-10,238
2019-06-11,243
2019-06-12,266
2019-06-13,294
2019-06-14,308
2019-06-15,309
2019-06-16,308
2019-06-17,308
2019-06-18,314
2019-06-19,312
2019-06-20,305
2019-06-21,309
2019-06-22,305
2019-06-23,309
2019-06-24,309
2019-06-25,297
2019-06-26,282
2019-06-27,268
2019-06-28,260
2019-06-29,247
2019-06-30,237
2019-07-01,232
2019-07-02,229
2019-07-03,225
2019-07-04,223
2019-07-05,220
2019-07-06,216
2019-07-07,211
2019-07-08,214
2019-07-09,213
2019-07-10,206
2019-07-11,200
2019-07-12,197
2019-07-13,200
2019-07-14,200
2019-07-15,186
2019-07-16,176
2019-07-17,178
2019-07-18,173
2019-07-19,168
2019-07-20,159
2019-07-21,154
2019-07-22,149
2019-07-23,144
2019-07-24,137
2019-07-25,135
2019-07-26,128
2019-07-27,127
2019-07-28,137
2019-07-29,164
2019-07-30,179
2019-07-31,189
2019-08-01,189
2019-08-02,181
2019-08-03,166
2019-08-04,163
2019-08-05,153
2019-08-06,141
2019-08-07,141
2019-08-08,166
2019-08-09,184
2019-08-10,171
2019-08-11,169
2019-08-12,169
2019-08-13,176
2019-08-14,176
2019-08-15,178
2019-08-16,179
2019-08-17,174
2019-08-18,169
2019-08-19,166
2019-08-20,161
2019-08-21,166
2019-08-22,192
2019-08-23,231
2019-08-24,244
2019-08-25,234
2019-08-26,217
2019-08-27,202
2019-08-28,190
2019-08-29,181
2019-08-30,176
2019-08-31,174
2019-09-01,171
2019-09-02,158
2019-09-03,153
2019-09-04,149
2019-09-05,148
2019-09-06,141
2019-09-07,134
2019-09-08,130
2019-09-09,135
2019-09-10,148
2019-09-11,166
2019-09-12,164
2019-09-13,154
2019-09-14,144
2019-09-15,137
2019-09-16,130
2019-09-17,120
2019-09-18,118
2019-09-19,113
2019-09-20,106
2019-09-21,103
2019-09-22,98
2019-09-23,95
2019-09-24,101
2019-09-25,110
2019-09-26,109
2019-09-27,111
2019-09-28,116
2019-09-29,120
2019-09-30,116
2019-10-01,112
2019-10-02,109
2019-10-03,107
2019-10-04,107
2019-10-05,116
2019-10-06,125
2019-10-07,139
2019-10-08,154
2019-10-09,186
2019-10-10,205
2019-10-11,220
2019-10-12,250
2019-10-13,231
2019-10-14,205
2019-10-15,184
2019-10-16,171
2019-10-17,173
2019-10-18,176
2019-10-19,178
2019-10-20,179
2019-10-21,203
2019-10-22,205
2019-10-23,202
2019-10-24,194
2019-10-25,190
2019-10-26,184
2019-10-27,173
2019-10-28,161
2019-10-29,153
2019-10-30,148
2019-10-31,151
2019-11-01,168
2019-11-02,185
2019-11-03,196
2019-11-04,198
2019-11-05,218
2019-11-06,235
2019-11-07,239
2019-11-08,236
2019-11-09,233
2019-11-10,242
2019-11-11,232
2019-11-12,212
2019-11-13,201
2019-11-14,189
2019-11-15,179
2019-11-16,170
2019-11-17,164
2019-11-18,159
2019-11-19,153
2019-11-20,149
2019-11-21,148
2019-11-22,146
2019-11-23,145
2019-11-24,140
2019-11-25,135
2019-11-26,129
2019-11-27,127
2019-11-28,126
2019-11-29,130
2019-11-30,146
2019-12-01,173
2019-12-02,214
2019-12-03,217
2019-12-04,203
2019-12-05,188
2019-12-06,172
2019-12-07,168
2019-12-08,168
2019-12-09,163
2019-12-10,164
2019-12-11,168
2019-12-12,185
2019-12-13,203
2019-12-14,224
2019-12-15,262
2019-12-16,295
2019-12-17,300
2019-12-18,292
2019-12-19,276
2019-12-20,260
2019-12-21,253
2019-12-22,241
2019-12-23,239
2019-12-24,249
2019-12-25,274
2019-12-26,311
2019-12-27,341
2019-12-28,327
2019-12-29,312
2019-12-30,306
2019-12-31,283
2020-01-01,255
2020-01-02,231
2020-01-03,215
2020-01-04,203
2020-01-05,194
2020-01-06,185
2020-01-07,181
2020-01-08,172
2020-01-09,170
2020-01-10,171
2020-01-11,174
2020-01-12,171
2020-01-13,162
2020-01-14,152
2020-01-15,146
2020-01-16,142
2020-01-17,134
2020-01-18,129
2020-01-19,122
2020-01-20,121
2020-01-21,119
2020-01-22,116
2020-01-23,111
2020-01-24,113
2020-01-25,112
2020-01-26,110
2020-01-27,109
2020-01-28,117
2020-01-29,135
2020-01-30,151
2020-01-31,160
2020-02-01,172
2020-02-02,210
2020-02-03,259
2020-02-04,362
2020-02-05,514
2020-02-06,544
2020-02-07,515
2020-02-08,454
2020-02-09,392
2020-02-10,345
2020-02-11,338
2020-02-12,347
2020-02-13,361
2020-02-14,362
2020-02-15,367
2020-02-16,374
2020-02-17,365
2020-02-18,341
2020-02-19,336
2020-02-20,341
2020-02-21,335
2020-02-22,319
2020-02-23,297
2020-02-24,280
2020-02-25,284
2020-02-26,306
2020-02-27,320
2020-02-28,335
2020-02-29,351
2020-03-01,371
2020-03-02,390
2020-03-03,407
2020-03-04,414
2020-03-05,406
2020-03-06,409
2020-03-07,440
2020-03-08,462
2020-03-09,459
2020-03-10,433
2020-03-11,425
2020-03-12,430
2020-03-13,436
2020-03-14,434
2020-03-15,420
2020-03-16,401
2020-03-17,364
2020-03-18,329
2020-03-19,305
2020-03-20,285
2020-03-21,274
2020-03-22,268
2020-03-23,263
2020-03-24,246
2020-03-25,230
2020-03-26,218
2020-03-27,210
2020-03-28,205
2020-03-29,198
2020-03-30,190
2020-03-31,182
2020-04-01,176
2020-04-02,174
2020-04-03,167
2020-04-04,162
2020-04-05,157
2020-04-06,151
2020-04-07,148
2020-04-08,143
2020-04-09,136
2020-04-10,132
2020-04-11,130
2020-04-12,127
2020-04-13,125
2020-04-14,125
2020-04-15,123
2020-04-16,119
2020-04-17,119
2020-04-18,118
2020-04-19,118
2020-04-20,119
2020-04-21,114
2020-04-22,116
2020-04-23,117
2020-04-24,115
2020-04-25,117
2020-04-26,114
2020-04-27,114
2020-04-28,116
2020-04-29,120
2020-04-30,123
2020-05-01,139
2020-05-02,154
2020-05-03,155
2020-05-04,161
2020-05-05,172
2020-05-06,168
2020-05-07,159
2020-05-08,171
2020-05-09,181
2020-05-10,175
2020-05-11,174
2020-05-12,192
2020-05-13,199
2020-05-14,194
2020-05-15,192
2020-05-16,188
2020-05-17,181
2020-05-18,171
2020-05-19,158
2020-05-20,149
2020-05-21,142
2020-05-22,139
2020-05-23,132
2020-05-24,135
2020-05-25,141
2020-05-26,156
2020-05-27,153
2020-05-28,143
2020-05-29,132
2020-05-30,122
2020-05-31,116
2020-06-01,113
2020-06-02,107
2020-06-03,103
2020-06-04,101
2020-06-05,107
2020-06-06,117
2020-06-07,133
2020-06-08,139
2020-06-09,142
2020-06-10,144
2020-06-11,146
2020-06-12,162
2020-06-13,196
2020-06-14,206
2020-06-15,199
2020-06-16,207
2020-06-17,213
2020-06-18,215
2020-06-19,223
2020-06-20,231
2020-06-21,232
2020-06-22,233
2020-06-23,221
2020-06-24,202
2020-06-25,185
2020-06-26,171
2020-06-27,165
2020-06-28,165
2020-06-29,167
2020-06-30,167
2020-07-01,184
2020-07-02,207
2020-07-03,206
2020-07-04,207
2020-07-05,215
2020-07-06,218
2020-07-07,205
2020-07-08,193
2020-07-09,184
2020-07-10,171
2020-07-11,160
2020-07-12,153
2020-07-13,159
2020-07-14,171
2020-07-15,169
2020-07-16,163
2020-07-17,160
2020-07-18,160
2020-07-19,159
2020-07-20,162
2020-07-21,149
2020-07-22,140
2020-07-23,134
2020-07-24,131
2020-07-25,133
2020-07-26,142
2020-07-27,151
2020-07-28,146
2020-07-29,139
2020-07-30,126
2020-07-31,116
2020-08-01,111
2020-08-02,109
2020-08-03,108
2020-08-04,120
2020-08-05,140
2020-08-06,181
2020-08-07,214
2020-08-08,198
2020-08-09,179
2020-08-10,164
2020-08-11,154
2020-08-12,145
2020-08-13,146
2020-08-14,140
2020-08-15,138
2020-08-16,134
2020-08-17,134
2020-08-18,134
2020-08-19,141
2020-08-20,146
2020-08-21,138
2020-08-22,130
2020-08-23,130
2020-08-24,123
2020-08-25,115
2020-08-26,101
2020-08-27,93
2020-08-28,89
2020-08-29,85
2020-08-30,89
2020-08-31,100
2020-09-01,150
2020-09-02,232
2020-09-03,241
2020-09-04,218
2020-09-05,198
2020-09-06,181
2020-09-07,163
2020-09-08,150
2020-09-09,143
2020-09-10,144
2020-09-11,140
2020-09-12,136
2020-09-13,126
2020-09-14,116
2020-09-15,109
2020-09-16,106
2020-09-17,103
2020-09-18,105
2020-09-19,96
2020-09-20,91
2020-09-21,88
2020-09-22,85
2020-09-23,78
2020-09-24,83
2020-09-25,88
2020-09-26,107
2020-09-27,124
2020-09-28,145
2020-09-29,158
2020-09-30,147
2020-10-01,135
2020-10-02,132
2020-10-03,129
2020-10-04,124
2020-10-05,136
2020-10-06,172
2020-10-07,190
2020-10-08,197
2020-10-09,207
2020-10-10,207
2020-10-11,204
2020-10-12,195
2020-10-13,193
2020-10-14,189
2020-10-15,183
2020-10-16,174
2020-10-17,168
2020-10-18,165
2020-10-19,158
2020-10-20,151
2020-10-21,148
2020-10-22,137
2020-10-23,130
2020-10-24,128
2020-10-25,138
2020-10-26,163
2020-10-27,177
2020-10-28,188
2020-10-29,211
2020-10-30,221
2020-10-31,221
2020-11-01,221
2020-11-02,212
2020-11-03,201
2020-11-04,194
2020-11-05,188
2020-11-06,182
2020-11-07,178
2020-11-08,170
2020-11-09,158
2020-11-10,150
2020-11-11,144
2020-11-12,140
2020-11-13,138
2020-11-14,132
2020-11-15,126
2020-11-16,120
2020-11-17,121
2020-11-18,115
2020-11-19,113
2020-11-20,114
2020-11-21,111
2020-11-22,111
2020-11-23,112
2020-11-24,106
2020-11-25,101
2020-11-26,104
2020-11-27,102
2020-11-28,97
2020-11-29,95
2020-11-30,90
2020-12-01,87
2020-12-02,89
2020-12-03,94
2020-12-04,95
2020-12-05,98
2020-12-06,96
2020-12-07,99
2020-12-08,103
2020-12-09,109
2020-12-10,110
2020-12-11,111
2020-12-12,110
2020-12-13,107
2020-12-14,112
2020-12-15,119
2020-12-16,136
2020-12-17,140
2020-12-18,141
2020-12-19,140
2020-12-20,136
2020-12-21,134
2020-12-22,138
2020-12-23,150
2020-12-24,190
2020-12-25,219
2020-12-26,254
2020-12-27,270
2020-12-28,251
2020-12-29,234
2020-12-30,218
2020-12-31,211
2021-01-01,200
2021-01-02,184
2021-01-03,170
2021-01-04,160
2021-01-05,147
2021-01-06,140
2021-01-07,137
2021-01-08,133
2021-01-09,130
2021-01-10,127
2021-01-11,117
2021-01-12,111
2021-01-13,114
2021-01-14,117
2021-01-15,119
2021-01-16,179
2021-01-17,231
2021-01-18,217
2021-01-19,196
2021-01-20,188
2021-01-21,183
2021-01-22,190
2021-01-23,226
2021-01-24,275
2021-01-25,308
2021-01-26,297
2021-01-27,275
2021-01-28,259
2021-01-29,291
2021-01-30,401
2021-01-31,519
2021-02-01,594
2021-02-02,630
2021-02-03,632
2021-02-04,643
2021-02-05,651
2021-02-06,659
2021-02-07,663
2021-02-08,630
2021-02-09,577
2021-02-10,518
2021-02-11,467
2021-02-12,420
2021-02-13,385
2021-02-14,352
2021-02-15,318
2021-02-16,300
2021-02-17,283
2021-02-18,287
2021-02-19,298
2021-02-20,302
2021-02-21,292
2021-02-22,276
2021-02-23,257
2021-02-24,247
2021-02-25,239
2021-02-26,232
2021-02-27,226
2021-02-28,215
2021-03-01,208
2021-03-02,200
2021-03-03,194
2021-03-04,189
2021-03-05,190
2021-03-06,194
2021-03-07,193
2021-03-08,186
2021-03-09,181
2021-03-10,177
2021-03-11,173
2021-03-12,173
2021-03-13,179
2021-03-14,196
2021-03-15,206
2021-03-16,220
2021-03-17,241
2021-03-18,246
2021-03-19,239
2021-03-20,230
2021-03-21,222
2021-03-22,209
2021-03-23,195
2021-03-24,183
2021-03-25,174
2021-03-26,168
2021-03-27,165
2021-03-28,167
2021-03-29,171
2021-03-30,173
2021-03-31,170
2021-04-01,167
2021-04-02,167
2021-04-03,171
2021-04-04,170
2021-04-05,166
2021-04-06,164
2021-04-07,157
2021-04-08,155
2021-04-09,153
2021-04-10,147
2021-04-11,144
2021-04-12,143
2021-04-13,149
2021-04-14,157
2021-04-15,156
2021-04-16,151
2021-04-17,146
2021-04-18,141
2021-04-19,138
2021-04-20,129
2021-04-21,127
2021-04-22,125
2021-04-23,117
2021-04-24,112
2021-04-25,108
2021-04-26,103
2021-04-27,101
2021-04-28,97
2021-04-29,101
2021-04-30,111
2021-05-01,115
2021-05-02,129
2021-05-03,147
2021-05-04,169
2021-05-05,176
2021-05-06,173
2021-05-07,179
2021-05-08,196
2021-05-09,239
2021-05-10,246
2021-05-11,229
2021-05-12,219
2021-05-13,231
2021-05-14,253
2021-05-15,264
2021-05-16,261
2021-05-17,256
2021-05-18,258
2021-05-19,285
2021-05-20,315
2021-05-21,320
2021-05-22,323
2021-05-23,322
2021-05-24,321
2021-05-25,324
2021-05-26,311
2021-05-27,301
2021-05-28,289
2021-05-29,277
2021-05-30,262
2021-05-31,239
2021-06-01,221
2021-06-02,210
2021-06-03,206
2021-06-04,210
2021-06-05,221
2021-06-06,246
2021-06-07,264
2021-06-08,277
2021-06-09,290
2021-06-10,318
2021-06-11,334
2021-06-12,333
2021-06-13,318
2021-06-14,294
2021-06-15,275
2021-06-16,264
2021-06-17,259
2021-06-18,247
2021-06-19,242
2021-06-20,236
2021-06-21,240
2021-06-22,254
2021-06-23,271
2021-06-24,282
2021-06-25,316
2021-06-26,335
2021-06-27,336
2021-06-28,321
2021-06-29,312
2021-06-30,354
2021-07-01,366
2021-07-02,380
2021-07-03,383
2021-07-04,367
2021-07-05,345
2021-07-06,334
2021-07-07,328
2021-07-08,319
2021-07-09,323
2021-07-10,374
2021-07-11,453
2021-07-12,479
2021-07-13,481
2021-07-14,476
2021-07-15,481
2021-07-16,510
2021-07-17,534
2021-07-18,546
2021-07-19,549
2021-07-20,532
2021-07-21,515
2021-07-22,491
2021-07-23,461
2021-07-24,433
2021-07-25,415
2021-07-26,405
2021-07-27,395
2021-07-28,401
2021-07-29,400
2021-07-30,384
2021-07-31,366
2021-08-01,352
2021-08-02,350
2021-08-03,365
2021-08-04,392
2021-08-05,393
2021-08-06,381
2021-08-07,377
2021-08-08,371
2021-08-09,364
2021-08-10,358
2021-08-11,352
2021-08-12,340
2021-08-13,327
2021-08-14,312
2021-08-15,295
2021-08-16,277
2021-08-17,268
2021-08-18,260
2021-08-19,263
2021-08-20,259
2021-08-21,243
2021-08-22,233
2021-08-23,241
2021-08-24,239
2021-08-25,238
2021-08-26,236
2021-08-27,219
2021-08-28,211
2021-08-29,207
2021-08-30,211
2021-08-31,218
2021-09-01,237
2021-09-02,239
2021-09-03,224
2021-09-04,211
2021-09-05,202
2021-09-06,194
2021-09-07,185
2021-09-08,178
2021-09-09,174
2021-09-10,167
2021-09-11,165
2021-09-12,165
2021-09-13,162
2021-09-14,153
2021-09-15,148
2021-09-16,153
2021-09-17,157
2021-09-18,157
2021-09-19,159
2021-09-20,156
2021-09-21,155
2021-09-22,168
2021-09-23,167
2021-09-24,162
2021-09-25,156
2021-09-26,147
2021-09-27,141
2021-09-28,138
2021-09-29,136
2021-09-30,131
2021-10-01,123
2021-10-02,116
2021-10-03,112
2021-10-04,109
2021-10-05,110
2021-10-06,116
2021-10-07,120
2021-10-08,124
2021-10-09,122
2021-10-10,122
2021-10-11,118
2021-10-12,110
2021-10-13,107
2021-10-14,113
2021-10-15,107
2021-10-16,105
2021-10-17,101
2021-10-18,96
2021-10-19,92
2021-10-20,94
2021-10-21,94
2021-10-22,114
2021-10-23,117
2021-10-24,105
2021-10-25,93
2021-10-26,85
2021-10-27,82
2021-10-28,80
2021-10-29,77
2021-10-30,78
2021-10-31,77
2021-11-01,72
2021-11-02,77
2021-11-03,87
2021-11-04,100
2021-11-05,102
2021-11-06,109
2021-11-07,108
2021-11-08,104
2021-11-09,98
2021-11-10,90
2021-11-11,87
2021-11-12,85
2021-11-13,83
2021-11-14,86
2021-11-15,87
2021-11-16,84
2021-11-17,82
2021-11-18,90
2021-11-19,86
2021-11-20,83
2021-11-21,79
2021-11-22,75
2021-11-23,76
2021-11-24,72
2021-11-25,71
2021-11-26,74
2021-11-27,76
2021-11-28,75
2021-11-29,74
2021-11-30,75
2021-12-01,86
2021-12-02,106
2021-12-03,116
2021-12-04,136
2021-12-05,155
2021-12-06,191
2021-12-07,245
2021-12-08,228
2021-12-09,202
2021-12-10,198
2021-12-11,204
2021-12-12,195
2021-12-13,186
2021-12-14,178
2021-12-15,174
2021-12-16,170
2021-12-17,165
2021-12-18,158
2021-12-19,155
2021-12-20,149
2021-12-21,140
2021-12-22,133
2021-12-23,127
2021-12-24,123
2021-12-25,121
2021-12-26,135
2021-12-27,163
2021-12-28,193
2021-12-29,228
2021-12-30,291
2021-12-31,348
2022-01-01,382
2022-01-02,384
2022-01-03,355
2022-01-04,341
2022-01-05,398
2022-01-06,444
2022-01-07,446
